uc_id,original_ac_ids,original_ac_count,task_ids,local_evidence,full_acceptance_status,missing_gate,cross_cutting_ac_ids
UC01,AC003;AC007;AC014;AC015;AC021;AC036;AC037;AC038;AC041;AC070;AC072,11,"T01,T03-T07,T15",full-schema local Postgres: signed exact sample -> worker/mapping -> fake provider confirmed -> S1 ack -> delivered/read human reply PASS; 8 concurrent intent calls,BLOCKED,"one signed tenant journey, isolated Neon and real provider readback",AC001;AC002;AC069;AC071;AC073;AC074;AC075;AC076
UC02,AC018;AC019,2,"T03,T04,T15",host recognized; unknown live URL shape stays review,BLOCKED,approved PropertyHK live URL sample and source mapping,AC001;AC002;AC069;AC071;AC073;AC074;AC075;AC076
UC03,AC016;AC022,2,"T03,T04,T09",missing staff alias remains visible triage in local tests,BLOCKED,role-session/browser and tenant staff mapping readback,AC001;AC002;AC069;AC071;AC073;AC074;AC075;AC076
UC04,AC016;AC023;AC052,3,"T03,T04,T09",missing MLS mapping remains visible triage in local tests,BLOCKED,current tenant MLS/source scope and browser readback,AC001;AC002;AC069;AC071;AC073;AC074;AC075;AC076
UC05,AC024;AC026;AC032;AC035;AC052,5,"T04,T06,T09",ambiguous/stale staff and protected owner PGlite negatives PASS,BLOCKED,real provider mapping and next-actor role-session readback,AC001;AC002;AC069;AC071;AC073;AC074;AC075;AC076
UC06,AC028;AC029;AC031;AC035,4,"T05,T06",second property roots and scoped history PGlite tests PASS; full-schema Postgres second listing retains distinct triage and original relationship PASS; real route Chromium 24/24 at fixture 9392285 synthetic Auth/API: responsive/drafts/search/stale response/denial presentation; server Auth still blocked,BLOCKED,two real role sessions and provider whole-thread constraints,AC001;AC002;AC069;AC071;AC073;AC074;AC075;AC076
UC07,AC017;AC020;AC030;AC052,4,"T03-T05,T09",multi-reference and conflicting evidence tests PASS locally,BLOCKED,tenant sample/MLS lifecycle and UI review readback,AC001;AC002;AC069;AC071;AC073;AC074;AC075;AC076
UC08,AC025;AC026,2,"T03,T04",customer quoted price separate from MLS authority in local tests,BLOCKED,current listing data and rendered detail evidence,AC001;AC002;AC069;AC071;AC073;AC074;AC075;AC076
UC09,AC005;AC006;AC007;AC008;AC009;AC010;AC011;AC012;AC013;AC029;AC072,11,"T01,T02,T07,T15","duplicate/missing ID, replay, unknown delivery local tests PASS; full-schema Postgres missing-ID attempts and accepted assignment timeout/no resend PASS",BLOCKED,signed provider repeated deliveries and crash/recovery readback,AC001;AC002;AC069;AC071;AC073;AC074;AC075;AC076
UC10,AC011;AC013;AC041;AC042,4,"T00,T02,T07,T15",per-channel capability states and fail-closed tests PASS locally,BLOCKED,"connected number, app reply and provider capability proof",AC001;AC002;AC069;AC071;AC073;AC074;AC075;AC076
UC11,AC053;AC054,2,T10,"forwarder vs customer and no fake window PGlite/Bun PASS; c7ecdfb: real CRM route synthetic Auth/API 12 cases in 36/36 browser; save/refresh/next model actor and request recovery PASS, no server Auth/Neon proof; 6a76a33: contact/source real-route synthetic browser 10 cases in 46/46; contact CAS PGlite 3/3 and local Postgres multi-session 8/8 (not Neon/Auth)",BLOCKED,real Auth/HTTP and isolated Neon save/refresh/next authorized actor; stale role/branch/inactive readback,AC001;AC002;AC069;AC071;AC073;AC074;AC075;AC076
UC12,AC003;AC004;AC006;AC035;AC037;AC038;AC048;AC050;AC072,9,"T01,T07,T09,T15","durable receipt, schema blockage and recovery local tests PASS; full-schema Postgres workflow outage stores sample, recovery remains observe/no effects PASS",BLOCKED,"isolated Neon worker, provider assignment and notification receipts",AC001;AC002;AC069;AC071;AC073;AC074;AC075;AC076
UC13,AC039;AC043;AC044;AC045;AC046;AC047;AC055;AC056;AC067;AC070,10,"T06-T10,T13","mobile inbox, ACL and CRM follow-up Node/PGlite/Bun PASS; local Postgres server actor ACL, S1 ack/customer reply readback PASS (no Auth/browser session); real route Chromium 24/24 at fixture 9392285 synthetic Auth/API: responsive/drafts/search/stale response/denial presentation; server Auth still blocked; c7ecdfb: real CRM route synthetic Auth/API 12 cases in 36/36 browser; save/refresh/next model actor and request recovery PASS, no server Auth/Neon proof; 6a76a33: contact/source real-route synthetic browser 10 cases in 46/46; contact CAS PGlite 3/3 and local Postgres multi-session 8/8 (not Neon/Auth)",BLOCKED,360/390/768/1280 authenticated synthetic browser,AC001;AC002;AC069;AC071;AC073;AC074;AC075;AC076
UC14,AC027;AC032;AC033;AC034;AC052;AC056,6,"T06,T09","CAS, stale authority and direct denial PGlite PASS",BLOCKED,two-session Neon and browser correction readback,AC001;AC002;AC069;AC071;AC073;AC074;AC075;AC076
UC15,AC027;AC049;AC050;AC051,4,"T04,T09",picker and Folder error distinctions Node/PGlite/Bun PASS,BLOCKED,live provider Folder and staff destination verification,AC001;AC002;AC069;AC071;AC073;AC074;AC075;AC076
UC16,AC066;AC068,2,"T07,T12,T13",public routes and optional link regressions PASS locally,BLOCKED,formal-site route/auth/content and approved campaign template readback,AC001;AC002;AC069;AC071;AC073;AC074;AC075;AC076
UC17,AC039;AC040;AC048;AC062;AC063;AC064;AC065,7,"T07,T08,T12",consent/window/template/unknown-send local negatives PASS; real route Chromium 24/24 at fixture 9392285 synthetic Auth/API: responsive/drafts/search/stale response/denial presentation; server Auth still blocked,BLOCKED,"real provider destination, receipts and authenticated sessions",AC001;AC002;AC069;AC071;AC073;AC074;AC075;AC076
UC18,AC057;AC058;AC059;AC060;AC061,5,T11,scoped message-vs-click and human-response Node/PGlite PASS,BLOCKED,"tenant data, report drilldown/browser and click denominator",AC001;AC002;AC069;AC071;AC073;AC074;AC075;AC076
