"case_id","case_origin","task_ids","finding_ids","user_case_ids","scenario","expected","baseline_status","baseline_evidence","execution_status","environment","actual_result","verification_sha","evidence_path","blocker"
"TEST-01","audit REQUIRED_SCENARIO","EP-00;EP-21","","UC01","正式 domain 與 main","alias→current SHA","PASS","evidence/deployment.json","NOT_RUN","Vercel metadata + source","","","",""
"TEST-02","audit REQUIRED_SCENARIO","EP-00;EP-21","","UC05","migration parity","所需版本集合一致","PASS","evidence/schema-parity.json","NOT_RUN","production DB readonly","","","",""
"TEST-03","audit REQUIRED_SCENARIO","EP-12","","UC01","未登入深連結 /admin/whatsapp","展示登入入口、保留目的路徑","PASS","evidence/admin-access-gate.txt","NOT_RUN","production browser","","","",""
"TEST-04","audit REQUIRED_SCENARIO","EP-12;EP-20","","UC01","已提交安全登入","取得 authorised staff view","BLOCKED","evidence/admin-access-gate.jpg","NOT_RUN","production browser","","","","有效 session／租戶 Auth 調查"
"TEST-05","audit REQUIRED_SCENARIO","EP-12;EP-20","","UC01;UC17","登入、續期、登出及 revoked user","角色隔離及到期恢復","BLOCKED","evidence/admin-access-gate.txt","NOT_RUN","production browser","","","","多個真實角色 session"
"TEST-06","audit REQUIRED_SCENARIO","EP-13;EP-20","","UC04","六個首頁盤","公開價格匹配 canonical","PASS","evidence/homepage-dom.txt; evidence/database-public-consistency.json","NOT_RUN","production browser + DB","","","",""
"TEST-07","audit REQUIRED_SCENARIO","EP-13","","UC04","T027001 相片","下一張會改變當前序號","PASS","evidence/browser-observations.md","NOT_RUN","production browser","","","",""
"TEST-08","audit REQUIRED_SCENARIO","EP-13","","UC04","T027001 查詢 URL","保留盤號及 sale 情境","PASS","evidence/property-T027001-dom.txt","NOT_RUN","production browser readonly","","","",""
"TEST-09","audit REQUIRED_SCENARIO","EP-07","","UC06","原文 4033349 specimen","不需 EPWA；來源、盤號、人名及 quoted amount正確","PASS","evidence/node-tests-final.tap","NOT_RUN","isolated runtime","","","",""
"TEST-10","audit REQUIRED_SCENARIO","EP-07","","UC06","簽名、raw receipt、projection 故障","先保留接收；失敗可恢復","PASS","evidence/node-tests-final.tap","NOT_RUN","isolated Node/PGlite","","","",""
"TEST-11","audit REQUIRED_SCENARIO","EP-07;EP-20","","UC20","duplicate/reorder/missing provider ID","不遺失不同真實事件、不重複 effect","PASS","evidence/node-tests-final.tap","NOT_RUN","isolated Node/PGlite","","","",""
"TEST-12","audit REQUIRED_SCENARIO","EP-07","","UC10","同一客人第二個物業","分開 enquiry，保持整段對話權限","PASS","evidence/node-tests-final.tap","NOT_RUN","isolated PGlite","","","",""
"TEST-13","audit REQUIRED_SCENARIO","EP-06","F02","UC06;UC08","現行 portal scope","已核實來源範圍可供 resolver 使用","FAIL","evidence/database-readiness.json; src/lib/whatsapp-enquiries/portal-resolution.server.ts","NOT_RUN","production DB + resolver source","","","",""
"TEST-14","audit REQUIRED_SCENARIO","EP-07;EP-20","","UC17","其他同事／跨 enquiry 權限","拒絕越權讀寫","PASS","evidence/node-tests-final.tap","NOT_RUN","isolated SQL/Node","","","",""
"TEST-15","audit REQUIRED_SCENARIO","EP-07","","UC06","分派只有 request/accepted","未 provider-confirmed 不開放人手回覆","PASS","evidence/node-tests-final.tap","NOT_RUN","isolated SQL/contract","","","",""
"TEST-16","audit REQUIRED_SCENARIO","EP-07;EP-19","","UC20","uncertain send、重复 request","先查原要求，不因重試新ID重送","PASS","evidence/node-tests-final.tap","NOT_RUN","isolated Node/PGlite","","","",""
"TEST-17","audit REQUIRED_SCENARIO","EP-07;EP-14","","UC09","接手／需協助／過時 assignment","有權同事一次性保存；舊版本拒絕","PASS","evidence/node-tests-final.tap","NOT_RUN","isolated Node/PGlite","","","",""
"TEST-18","audit REQUIRED_SCENARIO","EP-07;EP-21","","UC06","連接公司號碼真實入站","簽名→receipt→enquiry獨立讀回","BLOCKED","evidence/database-aggregate.json","NOT_RUN","real provider","","","","指定 test channel/sender + tenant capability"
"TEST-19","audit REQUIRED_SCENARIO","EP-15;EP-21","","UC12","指定同事手機試送","正確 endpoint；provider receipt；人工接收分開","BLOCKED","evidence/database-aggregate.json","NOT_RUN","real provider","","","","已同意指定收件者、readback、核實mapping"
"TEST-20","audit REQUIRED_SCENARIO","EP-07;EP-14;EP-21","","UC09","人手回覆客戶","正確收件者＋delivered/read＋人手證據","BLOCKED","evidence/admin-access-gate.txt","NOT_RUN","real provider + browser","","","","staff session、測試收件者、window/consent"
"TEST-21","audit REQUIRED_SCENARIO","EP-09","","UC07","Property.hk 合成未知格式","來源可辨；不能捏造 ID/可信度","PASS","evidence/node-tests-final.tap","NOT_RUN","isolated parser","","","",""
"TEST-22","audit REQUIRED_SCENARIO","EP-09;EP-10","F06","UC07","Property.hk asking_detail URL／完整訊息","真實格式→三分行source→庫存配對","BLOCKED","src/lib/whatsapp-enquiries/portal-intake.ts; evidence/database-aggregate.json","NOT_RUN","production integration","","","","真實去識別訊息樣本及可用正式盤源"
"TEST-23","audit REQUIRED_SCENARIO","EP-06;EP-15;EP-21","F02","UC12;UC17","Inbox 供應商 readback","正確公司帳戶／Folder／revision","BLOCKED","evidence/database-readiness.json","NOT_RUN","production integration","","","","有效 session、目錄權限及供應商證據"
"TEST-24","audit REQUIRED_SCENARIO","EP-03","F03","UC13;UC16","測試查詢且無contact","顯示測試記錄／補齊資料","FAIL","evidence/ai-regression-probes.tap","PASS","owned isolated PostgreSQL17; mocked model/provider; local acceptance only","Six inverted safety probes plus real profile metadata readback; original defect evidence unchanged.","d2a22f7c5125b2ab73fb61299e0f50d9a7dab90c","docs/reports/2026-10-03-admin-remediation/ep-03-crm-contract.md","Formal production/provider acceptance separate; local result only"
"TEST-25","audit REQUIRED_SCENARIO","EP-03","F04","UC13;UC16","provider JSON {}","schema invalid→失敗／明示fallback","FAIL","evidence/ai-regression-probes.tap","PASS","owned isolated PostgreSQL17; mocked model/provider; local acceptance only","Six inverted safety probes plus real profile metadata readback; original defect evidence unchanged.","d2a22f7c5125b2ab73fb61299e0f50d9a7dab90c","docs/reports/2026-10-03-admin-remediation/ep-03-crm-contract.md","Formal production/provider acceptance separate; local result only"
"TEST-26","audit REQUIRED_SCENARIO","EP-03;EP-04","F04","UC13;UC16","惡意／不合資格 next action","deterministic gate 拒絕不可執行 action","FAIL","evidence/ai-regression-probes.tap","PASS","owned isolated PostgreSQL17; mocked model/provider; local acceptance only","Six inverted safety probes plus real profile metadata readback; original defect evidence unchanged.","d2a22f7c5125b2ab73fb61299e0f50d9a7dab90c","docs/reports/2026-10-03-admin-remediation/ep-03-crm-contract.md","Formal production/provider acceptance separate; local result only"
"TEST-27","audit REQUIRED_SCENARIO","EP-04;EP-20;EP-21","","UC13;UC16","真实生成、429、timeout、品質變異","model/usage/latency 與結果可核對","BLOCKED","evidence/ai-evaluation-cases.json","NOT_RUN","live paid model","","","","未有批准的 bounded budget"
"TEST-28","audit REQUIRED_SCENARIO","EP-04","","UC15","內容 proposal 的受限欄位與證據","不改價格等受保護事實","PASS","evidence/node-tests-final.tap","PASS","owned isolated PostgreSQL17; mocked model/provider; local acceptance only","22 owned DB PASS; request/save/apply actor/source CAS, exact retries, cancellation, unknown outcome; full browser/8-session/restore EP-20 pending.","51000b9493844747814414bc7a206f960b54d539","docs/reports/2026-10-03-admin-remediation/ep-04-source-and-actor-cas.md","Formal production/provider acceptance separate; local result only"
"TEST-29","audit REQUIRED_SCENARIO","EP-04","","UC15;UC20","source fingerprint 改變、拒絕提案","stale 不套用、reject 不發佈","PASS","evidence/node-tests-final.tap","PASS","owned isolated PostgreSQL17; mocked model/provider; local acceptance only","22 owned DB PASS; request/save/apply actor/source CAS, exact retries, cancellation, unknown outcome; full browser/8-session/restore EP-20 pending.","51000b9493844747814414bc7a206f960b54d539","docs/reports/2026-10-03-admin-remediation/ep-04-source-and-actor-cas.md","Formal production/provider acceptance separate; local result only"
"TEST-30","audit REQUIRED_SCENARIO","EP-01","F01","UC04;UC15","已 inactive 的公開知識","不能作現行樓盤來源","FAIL","evidence/database-readiness.json; evidence/database-public-consistency.json","PASS","owned isolated PostgreSQL17; mocked model/provider; local acceptance only","Gate verified; positive DTO revision correction included in EP-02 SHA 573ce0a; real normal/fallback/in-flight SQL on owned PostgreSQL.","63f3461706823fc1f0ebd2ac31a2c49af569c180","docs/reports/2026-10-03-admin-remediation/ep-02-durable-knowledge-repair.md","Formal production/provider acceptance separate; local result only"
"TEST-31","audit REQUIRED_SCENARIO","EP-04;EP-20;EP-21","","UC15","request→review→apply→readback","完整 authorised AI saved application","BLOCKED","evidence/node-tests-final.tap","NOT_RUN","complete journey B","","","","有效角色session、isolated DB、模型預算"
"TEST-32","audit REQUIRED_SCENARIO","EP-01;EP-02;EP-13;EP-20","F01","UC03;UC04;UC05;UC15","isolated update/sync→public→AI","同一fixture版本在全鏈一致","BLOCKED","evidence/property-db-tests.tap","NOT_RUN","complete journey C","","","","ASTRA disposable Neon target；public test app"
"TEST-33","audit REQUIRED_SCENARIO","EP-05;EP-14","F05","UC13;UC14","AI 建議標籤","區分rule與模型生成","FAIL","src/lib/neon/admin-data.server.ts; src/components/admin/WhatsappAiSuggestions.tsx","NOT_RUN","source + component contract","","","",""
"TEST-34","audit REQUIRED_SCENARIO","EP-18","F08","UC13","10/1000/10000訊息","SQL限到所需10則","FAIL","evidence/assist-query-benchmark.json","PASS","owned isolated PostgreSQL17; mocked model/provider; local acceptance only","Seven owned DB PASS; raw payload bounded at 0/10/1k/10k/100k, deterministic tie and ACL; existing index reused.","8171c3d2760d23ded06f399e1e04125a7840a339","docs/reports/2026-10-03-admin-remediation/ep-18-bounded-conversation-assist.md","Formal production/provider acceptance separate; local result only"
"TEST-35","audit REQUIRED_SCENARIO","EP-08;EP-10;EP-13","","UC05","ingestion/publication atomics","disposable DB write/readback","BLOCKED","evidence/property-db-tests.tap","NOT_RUN","isolated Neon DB tests","","","","指定 disposable Neon fixture"
"TEST-36","audit REQUIRED_SCENARIO","EP-08;EP-09;EP-11","","UC05","403／漏頁／部分來源缺盤","保留現有資料，不能直接當撤盤","PASS","evidence/node-tests-final.tap","NOT_RUN","isolated rules/contracts","","","",""
"TEST-37","audit REQUIRED_SCENARIO","EP-08;EP-21","","UC05","每日排程三次成功","本輪獨立scheduler→驗證完成","BLOCKED","evidence/workflow-runs.json","NOT_RUN","scheduled observation","","","","需要啟用後實際排程觀察；不能手動成功冒充"
"TEST-38","audit REQUIRED_SCENARIO","EP-07","","UC06;UC04","28Hse 4033349→canonical","外部ID對上公開盤","PASS","evidence/database-public-consistency.json","NOT_RUN","production DB readonly","","","",""
"TEST-39","audit REQUIRED_SCENARIO","EP-16","","UC18","CSV unicode、duplicate、preview","有效列可批量，無效列保留原因","PASS","evidence/node-tests-final.tap; evidence/bun-tests-verified.log","NOT_RUN","isolated Node/Bun/SQL","","","",""
"TEST-40","audit REQUIRED_SCENARIO","EP-11;EP-16","","UC18;UC20","批次過時版本、權限改變、重送","同一operation一次；逐列結果","PASS","evidence/node-tests-final.tap","NOT_RUN","isolated guards/contracts","","","",""
"TEST-41","audit REQUIRED_SCENARIO","EP-16","","UC11","empty template、dirty、排除數","error/empty區分、pristine不警告","PASS","evidence/node-tests-final.tap; evidence/bun-tests-verified.log","NOT_RUN","isolated rules/component","","","",""
"TEST-42","audit REQUIRED_SCENARIO","EP-16","","UC11;UC20","campaign duplicate queue/cancel","不重複產生recipient effects","PASS","evidence/node-tests-final.tap","NOT_RUN","isolated SQL/contracts","","","",""
"TEST-43","audit REQUIRED_SCENARIO","EP-16;EP-21","","UC11","核准範本全文＋收件名單","可核對實際template版本與recipient","BLOCKED","evidence/admin-access-gate.txt","NOT_RUN","production provider/UI","","","","tenant approved template readback"
"TEST-44","audit REQUIRED_SCENARIO","EP-17","","UC19","無click portal enquiry","unknownclick保持未知；非捏造轉換率","PASS","evidence/node-tests-final.tap","NOT_RUN","isolated analytics tests","","","",""
"TEST-45","audit REQUIRED_SCENARIO","EP-17","","UC19","human-response/quality/credit/cohort","accepted不當回覆，test不當業績","PASS","evidence/node-tests-final.tap","NOT_RUN","isolated analytics tests","","","",""
"TEST-46","audit REQUIRED_SCENARIO","EP-17;EP-21","","UC19","主管來源與代理績效頁","正確旗標、定義及可回查數字","BLOCKED","src/lib/admin/final-fix-rollout.ts","NOT_RUN","production browser/data","","","","authenticated report session + flags"
"TEST-47","audit REQUIRED_SCENARIO","EP-14","","UC09","鍵盤打開仍能回覆","composer/recipient/focus不被遮擋","BLOCKED","evidence/admin-access-gate.jpg","NOT_RUN","mobile390","","","","supported mobile viewport + staff session"
"TEST-48","audit REQUIRED_SCENARIO","EP-12;EP-13","","UC02;UC03","table/filter/wizard","操作及錯誤可達","BLOCKED","evidence/browser-observations.md","NOT_RUN","tablet768","","","","supported viewport"
"TEST-49","audit REQUIRED_SCENARIO","EP-14;EP-15;EP-19;EP-20","","UC09;UC12","完整後台流程","有state/error/focus證據","BLOCKED","evidence/browser-observations.md","NOT_RUN","desktop1280/1440","","","","requested viewport + session"
"TEST-50","audit REQUIRED_SCENARIO","EP-00;EP-20","","UC03;UC17","typecheck","exit0","PASS","evidence/typecheck.log","PASS","local; owned loopback Postgres17 for NEW-00","EP-00 harness verified; product scan unchanged; 31/31 paired, 19/19 owned SQL; typecheck/lint exit0","2cc8dec372b6adeceb5021981780ecbde81c3443","docs/reports/2026-10-03-admin-remediation-baseline.md",""
"TEST-51","audit REQUIRED_SCENARIO","EP-00;EP-20","","UC03;UC17","lint","exit0","PASS","evidence/lint.log","PASS","local; owned loopback Postgres17 for NEW-00","EP-00 harness verified; product scan unchanged; 31/31 paired, 19/19 owned SQL; typecheck/lint exit0","2cc8dec372b6adeceb5021981780ecbde81c3443","docs/reports/2026-10-03-admin-remediation-baseline.md",""
"TEST-52","audit REQUIRED_SCENARIO","EP-00;EP-20","","UC03;UC15","credential-free production bundle","exit0","PASS","evidence/build-verified-result.json","NOT_RUN","local build","","","",""
"TEST-53","audit REQUIRED_SCENARIO","EP-00","","UC13;UC17","secret-boundary source scan","clean invocation passes","PASS","evidence/ai-contract-clean-recheck.tap","PASS","local; owned loopback Postgres17 for NEW-00","EP-00 harness verified; product scan unchanged; 31/31 paired, 19/19 owned SQL; typecheck/lint exit0","2cc8dec372b6adeceb5021981780ecbde81c3443","docs/reports/2026-10-03-admin-remediation-baseline.md",""
"TEST-54","audit REQUIRED_SCENARIO","EP-04;EP-07;EP-20","","UC17;UC20","revocation及併發8個session","無stale overwrite／wrong recipient","BLOCKED","scripts/no-link-local-postgres.test.mjs","NOT_RUN","real multi-session DB/browser","","","","Docker/owned full-schema Postgres 或approved disposable Neon"
"TEST-55","audit REQUIRED_SCENARIO","EP-03","F03","UC13","test lead缺phone/email","測試資料可識別、不給即時聯絡建議","FAIL","evidence/database-public-consistency.json","PASS","owned isolated PostgreSQL17; mocked model/provider; local acceptance only","Six inverted safety probes plus real profile metadata readback; original defect evidence unchanged.","d2a22f7c5125b2ab73fb61299e0f50d9a7dab90c","docs/reports/2026-10-03-admin-remediation/ep-03-crm-contract.md","Formal production/provider acceptance separate; local result only"
"TEST-56","audit REQUIRED_SCENARIO","EP-01;EP-02;EP-19","F01","UC05;UC15","knowledge rebuild/lag","索引與庫存更新一致","FAIL","evidence/database-readiness.json","NOT_RUN","production DB readonly","","","",""
"TEST-57","audit REQUIRED_SCENARIO","EP-02;EP-08;EP-11;EP-19","","UC05","unknown job安全恢复","read current state再retry","BLOCKED","evidence/admin-access-gate.txt","NOT_RUN","production ops","","","","有效session + reviewable staging fixture"
"TEST-58","audit REQUIRED_SCENARIO","EP-20;EP-21","","UC20","backups/restore drill","獨立還原後核對一致","BLOCKED","evidence/baseline.json","NOT_RUN","isolated restore","","","","approved disposable restore target"
"TEST-59","audit REQUIRED_SCENARIO","EP-07;EP-21","F02","UC06;UC09","exact signed specimen到人手送達","共同環境完整receipt→assignment→reply","BLOCKED","evidence/database-readiness.json","NOT_RUN","complete journey A","","","","provider test topology + disposable full-schema runtime"
"TEST-60","audit REQUIRED_SCENARIO","EP-09;EP-10;EP-21","F06","UC07;UC05","三分行完整正式採集","index及detail均完整才import/publish","BLOCKED","docs/reports/2026-10-02-full-sync-release.md","NOT_RUN","PropertyHK current source","","","","provider認可完整detail access；不繞過限制"
"NEW-00","planned task acceptance","EP-00","","UC01;UC17;UC20","核對基準並修復測試環境互相干擾","同批執行無 fixture 競態；受控 client-side secret sentinel 仍 FAIL；真產品 clean run PASS；資料目標有所有權／環境證據。無法取得 DB 只阻塞 DB 測試，本地純邏輯繼續。","NOT_APPLICABLE_NEW_CASE","","PASS","local; owned loopback Postgres17 for NEW-00","EP-00 harness verified; product scan unchanged; 31/31 paired, 19/19 owned SQL; typecheck/lint exit0","2cc8dec372b6adeceb5021981780ecbde81c3443","docs/reports/2026-10-03-admin-remediation-baseline.md",""
"NEW-01","planned task acceptance","EP-01","F01","UC03;UC04;UC05;UC15","公開 AI 檢索即時核對樓盤資格與版本","AC-C01：撤盤不能當在售、改價後無舊價；normal/fallback 同一規則；生成中來源改動也不輸出舊事實；有效新盤仍有來源可用。","NOT_APPLICABLE_NEW_CASE","","PASS","owned isolated PostgreSQL17; mocked model/provider; local acceptance only","Gate verified; positive DTO revision correction included in EP-02 SHA 573ce0a; real normal/fallback/in-flight SQL on owned PostgreSQL.","63f3461706823fc1f0ebd2ac31a2c49af569c180","docs/reports/2026-10-03-admin-remediation/ep-02-durable-knowledge-repair.md","Formal production/provider acceptance separate; local result only"
"NEW-02","planned task acceptance","EP-02","F01","UC03;UC04;UC05;UC15;UC20","接通索引失效、可恢復重建及舊資料修復","commit→invalidation→job→fresh context 可讀回；失敗仍不公開舊內容；repeat/restart 不覆蓋較新 revision；partial failures 可逐項重試。","NOT_APPLICABLE_NEW_CASE","","PASS","owned isolated PostgreSQL17; mocked model/provider; local acceptance only","19 owned DB PASS, rollback/restart/replay/withdrawal; budget-free repair; formal migration/worker readback pending.","573ce0a275ae70f2066189c3fb1775279cbce05f","docs/reports/2026-10-03-admin-remediation/ep-02-durable-knowledge-repair.md","Formal production/provider acceptance separate; local result only"
"NEW-03","planned task acceptance","EP-03","F03;F04","UC13;UC16","CRM 嚴格輸出契約及下一步資格判定","EV01–03 新安全預期全部 PASS；test/missing contact 在有模型及 fallback 都無聯絡建議；不合格 JSON 不標模型成功；任何生成均無 send/publish 副作用。","NOT_APPLICABLE_NEW_CASE","","PASS","owned isolated PostgreSQL17; mocked model/provider; local acceptance only","Six inverted safety probes plus real profile metadata readback; original defect evidence unchanged.","d2a22f7c5125b2ab73fb61299e0f50d9a7dab90c","docs/reports/2026-10-03-admin-remediation/ep-03-crm-contract.md","Formal production/provider acceptance separate; local result only"
"NEW-04","planned task acceptance","EP-04","F04","UC13;UC15;UC16;UC17;UC20","AI 請求、保存與套用皆驗權限及來源版本","AC-B02／AC-ACL：生成與 apply 兩端都守住 actor/scope/source；8-session 壓力只在隔離 DB；reload 可追溯 run；生成不等於 apply，apply 不等於 publish/send。","NOT_APPLICABLE_NEW_CASE","","PARTIAL","owned isolated PostgreSQL17; mocked model/provider; local acceptance only","22 owned DB PASS; request/save/apply actor/source CAS, exact retries, cancellation, unknown outcome; full browser/8-session/restore EP-20 pending.","51000b9493844747814414bc7a206f960b54d539","docs/reports/2026-10-03-admin-remediation/ep-04-source-and-actor-cas.md","EP-20 browser/full role/8-session/restore acceptance pending"
"NEW-05","planned task acceptance","EP-05","F05","UC13;UC14;UC15;UC16;UC19","如實顯示 AI 方法、分數、fallback 及草稿狀態","S4/EV06/EV07：方法、失敗與來源誠實；三則寒暄沒有高急切結論；草稿需明確套用且無外部效果。","NOT_APPLICABLE_NEW_CASE","","NOT_RUN","isolated; real provider/prod only when explicitly applicable","","","",""
"NEW-06","planned task acceptance","EP-06","F02;F07","UC06;UC08;UC12;UC17;UC20","核實公司來源、Inbox 帳戶、群組及接收能力","零正式 scope 的缺口有具體配置方案；隔離 setup 完成可 SELECT/readback；同名／provider outage 仍 blocked/unknown；正式 ready 需租戶證據。","NOT_APPLICABLE_NEW_CASE","","NOT_RUN","isolated; real provider/prod only when explicitly applicable","","","","正式 provider directory/channel 權限及已核實帳戶如未取得，只阻塞真實接駁。"
"NEW-07","planned task acceptance","EP-07","F02","UC06;UC07;UC08;UC09;UC10;UC12;UC14;UC17;UC20","免連結收件、分派、接手和回覆形成同一條旅程","AC-A01–05 全過；同一 run 真持久層讀回、zero link、無錯 recipient；mock provider 可證合約，不能標真 delivered。","NOT_APPLICABLE_NEW_CASE","","NOT_RUN","isolated; real provider/prod only when explicitly applicable","","","","正式收件／人手送達需指定測試號碼與供應商能力。"
"NEW-08","planned task acceptance","EP-08","","UC04;UC05;UC20","28Hse 已有每日同步完成配置及營運驗收","既有分段恢復可重播；首頁最新盤與 canonical一致；最後成功可觀察；正式3次 native schedule 達標才關 G08。審核281及舊286均非固定成功數。","NOT_APPLICABLE_NEW_CASE","","NOT_RUN","isolated; real provider/prod only when explicitly applicable","","","","3次真排程需要跨日觀察；不能在單次實作回合虛構完成。"
"NEW-09","planned task acceptance","EP-09","F06","UC05;UC07","Property.hk 三分行取得可驗證的完整採集入口","三分行及全部認可 dt 範圍有完整 index+detail evidence；正向parser用真 fixtures；403/partial不成 full。未取得真detail維持BLOCKED_EXTERNAL。","NOT_APPLICABLE_NEW_CASE","","NOT_RUN","isolated; real provider/prod only when explicitly applicable","","","","正式 detail 曾403；需確認認可存取方式與branch/dt完整範圍。"
"NEW-10","planned task acceptance","EP-10","F06","UC03;UC04;UC05;UC07;UC10;UC20","Property.hk 對盤、匯入、刊登及免連結正向配對","三分行完整入庫與eligible publish可追溯；source aliases/offer數正確；真Property.hk訊息可正向配對；無資料時不猜internal ID。","NOT_APPLICABLE_NEW_CASE","","NOT_RUN","isolated; real provider/prod only when explicitly applicable","","","","正式啟用依EP-09真實完整來源；synthetic DB實作可先交付。"
"NEW-11","planned task acceptance","EP-11","F06","UC04;UC05;UC18;UC20","疑似撤盤核實與批量下架保障","AC-C02／AC-BULK：抓不到不下架；其他active來源不被誤殺；人工override與售租offer一致；過時preview拒絕；合法撤盤公開與AI同步。","NOT_APPLICABLE_NEW_CASE","","NOT_RUN","isolated; real provider/prod only when explicitly applicable","","","",""
"NEW-12","planned task acceptance","EP-12","","UC01;UC02;UC17","導覽、登入恢復與今日待辦","S1：卡片N等於同filter列表；expired write無副作用；安全返回站內深連結；無跨scope資料。","NOT_APPLICABLE_NEW_CASE","","NOT_RUN","isolated; real provider/prod only when explicitly applicable","","","",""
"NEW-13","planned task acceptance","EP-13","F01","UC03;UC04;UC05;UC18;UC20","樓盤、相片與批量維護完成保存讀回","S2／journey C：媒體和價錢持久一致；雙用途不混；批量範圍及partial復原清楚；不覆蓋人工保護。","NOT_APPLICABLE_NEW_CASE","","NOT_RUN","isolated; real provider/prod only when explicitly applicable","","","",""
"NEW-14","planned task acceptance","EP-14","F05","UC06;UC08;UC09;UC10;UC13;UC14;UC20","手機收件匣、查詢及草稿工作台","S3/S4：日常零technical ID、零tracking link前置、no settings detour；accepted/delivered/read/ack分開；4個viewport及keyboard通過。","NOT_APPLICABLE_NEW_CASE","","NOT_RUN","isolated; real provider/prod only when explicitly applicable","","","",""
"NEW-15","planned task acceptance","EP-15","F07","UC08;UC12;UC17;UC20","同事接收四步流程免手填技術 ID","S5：一般主管不手填Inbox User ID／Folder ID／Routing Node ID／分行ID／review ref；無權核實則有可恢复blocked原因；每日agent不需開setup。","NOT_APPLICABLE_NEW_CASE","","NOT_RUN","isolated; real provider/prod only when explicitly applicable","","","",""
"NEW-16","planned task acceptance","EP-16","","UC11;UC18;UC20","可選批量連結與推廣預覽／恢復","AC-BULK：50列結果可逐列對帳；成功列不重做；link生成零發送；campaign queue明確範圍、同intent不重複；正式send另驗。","NOT_APPLICABLE_NEW_CASE","","NOT_RUN","isolated; real provider/prod only when explicitly applicable","","","",""
"NEW-17","planned task acceptance","EP-17","F05","UC19;UC20","來源與同事表現報表的正確分母","UC19：assignment≠human reply，unknown click維持unknown；匯出與drilldown一致；沒有虛假0%/100%。","NOT_APPLICABLE_NEW_CASE","","NOT_RUN","isolated; real provider/prod only when explicitly applicable","","","",""
"NEW-18","planned task acceptance","EP-18","F08","UC09;UC13;UC17","WhatsApp 提示 SQL 先限制最近 10 則","100,000訊息raw SQL結果仍<=10；排序穩定、ACL無退步、summary語意不因query改动意外變化。","NOT_APPLICABLE_NEW_CASE","","PASS","owned isolated PostgreSQL17; mocked model/provider; local acceptance only","Seven owned DB PASS; raw payload bounded at 0/10/1k/10k/100k, deterministic tie and ACL; existing index reused.","8171c3d2760d23ded06f399e1e04125a7840a339","docs/reports/2026-10-03-admin-remediation/ep-18-bounded-conversation-assist.md","Formal production/provider acceptance separate; local result only"
"NEW-19","planned task acceptance","EP-19","F01;F02;F06","UC02;UC05;UC08;UC16;UC20","營運畫面顯示可理解的失敗與安全下一步","S6：主管能分清可重試／需補資料／待provider／需支援；每次恢復結果可讀回，不能只靠toast。","NOT_APPLICABLE_NEW_CASE","","NOT_RUN","isolated; real provider/prod only when explicitly applicable","","","",""
"NEW-20","planned task acceptance","EP-20","F01;F02;F03;F04;F05;F06;F07;F08","UC01;UC02;UC03;UC04;UC05;UC06;UC07;UC08;UC09;UC10;UC11;UC12;UC13;UC14;UC15;UC16;UC17;UC18;UC19;UC20","三條 Golden Journey、多角色、併發及完整用例验收","core A/B/C在同schema隔離鏈可重跑；所有改動對應適用tests無FAIL；SKIP/blocked明示；Property.hk/真模型/真provider可分列外部gate，不冒充全站READY。","NOT_APPLICABLE_NEW_CASE","","NOT_RUN","isolated; real provider/prod only when explicitly applicable","","","","真模型B與provider A需要有限預算／租戶能力；Property.hk完整C需EP-10。"
"NEW-21","planned task acceptance","EP-21","F01;F02;F03;F04;F05;F06;F07;F08","UC01;UC04;UC05;UC06;UC07;UC09;UC11;UC12;UC13;UC15;UC17;UC19;UC20","分批 PR、正式 canary、三日觀察及營運交接","G00–G11按capability逐個有證據；production-ready不由build/HTTP200/toast推斷；未過gate清楚保留；正式回退不丟新查詢、不重發。","NOT_APPLICABLE_NEW_CASE","","NOT_RUN","isolated; real provider/prod only when explicitly applicable","","","","缺provider／AI預算／正式角色／Property.hk存取的gate維持受阻；不要阻塞其他已可交付項。"
