original_action_id,record_kind,original_reference,current_route,current_control,source_sha,actor_layer,viewports,execution_status,remaining_gate
ACT-59,BUSINESS_ACTION,src/components/admin/whatsapp/WhatsappBatchImport.tsx,/admin/whatsapp-links,50 synthetic CSV rows;Chinese/front-zero/exact verified aliases;sale-rent;duplicate/invalid/denied import,0927bd498d776f50b9430fa9a3009500545a1100,synthetic manager A/B;actual shell/store;separate actual SQL scope/owner/role guards with trusted actor port,390;768;1280;1440,LOCAL_PARTIAL,trueAuth/fullroles/combinedSQL/flags/native OS clipboard;source controls overlap business actions
ACT-60,BUSINESS_ACTION,src/lib/neon/whatsapp-link-batches.server.ts,/admin/whatsapp-links,50 preview and explicit eligible45 subset with fresh preview;deferred5 retained,0927bd498d776f50b9430fa9a3009500545a1100,synthetic manager A/B;actual shell/store;separate actual SQL scope/owner/role guards with trusted actor port,390;768;1280;1440,LOCAL_PARTIAL,trueAuth/fullroles/combinedSQL/flags/native OS clipboard;source controls overlap business actions
ACT-61,BUSINESS_ACTION,src/lib/neon/whatsapp-link-batches.server.ts,/admin/whatsapp-links,confirm50/45;pending single request;lost response/reload original receipt;empty unknown read never recommits,0927bd498d776f50b9430fa9a3009500545a1100,synthetic manager A/B;actual shell/store;separate actual SQL scope/owner/role guards with trusted actor port,390;768;1280;1440,LOCAL_PARTIAL,trueAuth/fullroles/combinedSQL/flags/native OS clipboard;source controls overlap business actions
ACT-62,BUSINESS_ACTION,src/lib/admin/whatsapp-link-export.ts,/admin/whatsapp-links,downloaded success/failure CSV ids/count/source/leading zero/Chinese/formula-safe;actual copy Button denied/success50 and60;late completion feedback scoped;synthetic clipboard port,0927bd498d776f50b9430fa9a3009500545a1100,synthetic manager A/B;actual shell/store;separate actual SQL scope/owner/role guards with trusted actor port,390;768;1280;1440,LOCAL_PARTIAL,trueAuth/fullroles/combinedSQL/flags/native OS clipboard;source controls overlap business actions
ACT-S-0386,SOURCE_CONTROL_CANDIDATE,src/components/admin/whatsapp/WhatsappBatchImport.tsx:128,/admin/whatsapp-links,fixed CSV textarea,0927bd498d776f50b9430fa9a3009500545a1100,synthetic manager A/B;actual shell/store;separate actual SQL scope/owner/role guards with trusted actor port,390;768;1280;1440,LOCAL_PARTIAL,trueAuth/fullroles/combinedSQL/flags/native OS clipboard;source controls overlap business actions
ACT-S-0387,SOURCE_CONTROL_CANDIDATE,src/components/admin/whatsapp/WhatsappBatchImport.tsx:160,/admin/whatsapp-links,import Button,0927bd498d776f50b9430fa9a3009500545a1100,synthetic manager A/B;actual shell/store;separate actual SQL scope/owner/role guards with trusted actor port,390;768;1280;1440,LOCAL_PARTIAL,trueAuth/fullroles/combinedSQL/flags/native OS clipboard;source controls overlap business actions
ACT-S-0389,SOURCE_CONTROL_CANDIDATE,src/components/admin/whatsapp/WhatsappBatchResult.tsx:67,/admin/whatsapp-links,"success CSV Button,website/28hse/other variants",0927bd498d776f50b9430fa9a3009500545a1100,synthetic manager A/B;actual shell/store;separate actual SQL scope/owner/role guards with trusted actor port,390;768;1280;1440,LOCAL_PARTIAL,trueAuth/fullroles/combinedSQL/flags/native OS clipboard;source controls overlap business actions
ACT-S-0413,SOURCE_CONTROL_CANDIDATE,src/components/admin/whatsapp/WhatsappLinkWizard.tsx:721,/admin/whatsapp-links,verified placement checkbox,0927bd498d776f50b9430fa9a3009500545a1100,synthetic manager A/B;actual shell/store;separate actual SQL scope/owner/role guards with trusted actor port,390;768;1280;1440,LOCAL_PARTIAL,trueAuth/fullroles/combinedSQL/flags/native OS clipboard;source controls overlap business actions
ACT-S-0415,SOURCE_CONTROL_CANDIDATE,src/components/admin/whatsapp/WhatsappLinkWizard.tsx:733,/admin/whatsapp-links,next follow-up Button,0927bd498d776f50b9430fa9a3009500545a1100,synthetic manager A/B;actual shell/store;separate actual SQL scope/owner/role guards with trusted actor port,390;768;1280;1440,LOCAL_PARTIAL,trueAuth/fullroles/combinedSQL/flags/native OS clipboard;source controls overlap business actions
ACT-S-0420,SOURCE_CONTROL_CANDIDATE,src/components/admin/whatsapp/WhatsappLinkWizard.tsx:826,/admin/whatsapp-links,preview Button,0927bd498d776f50b9430fa9a3009500545a1100,synthetic manager A/B;actual shell/store;separate actual SQL scope/owner/role guards with trusted actor port,390;768;1280;1440,LOCAL_PARTIAL,trueAuth/fullroles/combinedSQL/flags/native OS clipboard;source controls overlap business actions
ACT-S-0422,SOURCE_CONTROL_CANDIDATE,src/components/admin/whatsapp/WhatsappLinkWizard.tsx:880,/admin/whatsapp-links,inline placement ID Input,0927bd498d776f50b9430fa9a3009500545a1100,synthetic manager A/B;actual shell/store;separate actual SQL scope/owner/role guards with trusted actor port,390;768;1280;1440,LOCAL_PARTIAL,trueAuth/fullroles/combinedSQL/flags/native OS clipboard;source controls overlap business actions
ACT-S-0423,SOURCE_CONTROL_CANDIDATE,src/components/admin/whatsapp/WhatsappLinkWizard.tsx:890,/admin/whatsapp-links,inline source select,0927bd498d776f50b9430fa9a3009500545a1100,synthetic manager A/B;actual shell/store;separate actual SQL scope/owner/role guards with trusted actor port,390;768;1280;1440,LOCAL_PARTIAL,trueAuth/fullroles/combinedSQL/flags/native OS clipboard;source controls overlap business actions
ACT-S-0424,SOURCE_CONTROL_CANDIDATE,src/components/admin/whatsapp/WhatsappLinkWizard.tsx:907,/admin/whatsapp-links,inline routing select,0927bd498d776f50b9430fa9a3009500545a1100,synthetic manager A/B;actual shell/store;separate actual SQL scope/owner/role guards with trusted actor port,390;768;1280;1440,LOCAL_PARTIAL,trueAuth/fullroles/combinedSQL/flags/native OS clipboard;source controls overlap business actions
ACT-S-0425,SOURCE_CONTROL_CANDIDATE,src/components/admin/whatsapp/WhatsappLinkWizard.tsx:928,/admin/whatsapp-links,inline verified placement checkbox,0927bd498d776f50b9430fa9a3009500545a1100,synthetic manager A/B;actual shell/store;separate actual SQL scope/owner/role guards with trusted actor port,390;768;1280;1440,LOCAL_PARTIAL,trueAuth/fullroles/combinedSQL/flags/native OS clipboard;source controls overlap business actions
ACT-S-0428,SOURCE_CONTROL_CANDIDATE,src/components/admin/whatsapp/WhatsappLinkWizard.tsx:964,/admin/whatsapp-links,repreview Button,0927bd498d776f50b9430fa9a3009500545a1100,synthetic manager A/B;actual shell/store;separate actual SQL scope/owner/role guards with trusted actor port,390;768;1280;1440,LOCAL_PARTIAL,trueAuth/fullroles/combinedSQL/flags/native OS clipboard;source controls overlap business actions
ACT-S-0429,SOURCE_CONTROL_CANDIDATE,src/components/admin/whatsapp/WhatsappLinkWizard.tsx:979,/admin/whatsapp-links,explicit eligible subset checkbox,0927bd498d776f50b9430fa9a3009500545a1100,synthetic manager A/B;actual shell/store;separate actual SQL scope/owner/role guards with trusted actor port,390;768;1280;1440,LOCAL_PARTIAL,trueAuth/fullroles/combinedSQL/flags/native OS clipboard;source controls overlap business actions
ACT-S-0430,SOURCE_CONTROL_CANDIDATE,src/components/admin/whatsapp/WhatsappLinkWizard.tsx:986,/admin/whatsapp-links,subset fresh preview Button,0927bd498d776f50b9430fa9a3009500545a1100,synthetic manager A/B;actual shell/store;separate actual SQL scope/owner/role guards with trusted actor port,390;768;1280;1440,LOCAL_PARTIAL,trueAuth/fullroles/combinedSQL/flags/native OS clipboard;source controls overlap business actions
ACT-S-0431,SOURCE_CONTROL_CANDIDATE,src/components/admin/whatsapp/WhatsappLinkWizard.tsx:994,/admin/whatsapp-links,confirm commit Button,0927bd498d776f50b9430fa9a3009500545a1100,synthetic manager A/B;actual shell/store;separate actual SQL scope/owner/role guards with trusted actor port,390;768;1280;1440,LOCAL_PARTIAL,trueAuth/fullroles/combinedSQL/flags/native OS clipboard;source controls overlap business actions
ACT-S-0432,SOURCE_CONTROL_CANDIDATE,src/components/admin/whatsapp/WhatsappLinkWizard.tsx:1006,/admin/whatsapp-links,original receipt read Button,0927bd498d776f50b9430fa9a3009500545a1100,synthetic manager A/B;actual shell/store;separate actual SQL scope/owner/role guards with trusted actor port,390;768;1280;1440,LOCAL_PARTIAL,trueAuth/fullroles/combinedSQL/flags/native OS clipboard;source controls overlap business actions
ACT-S-0433,SOURCE_CONTROL_CANDIDATE,src/components/admin/whatsapp/WhatsappLinkWizard.tsx:1010,/admin/whatsapp-links,read original50 receipt then healthy continue original second chunk10;exact batch/chunk IDs;no replay of confirmed50,0927bd498d776f50b9430fa9a3009500545a1100,synthetic manager A/B;actual shell/store;separate actual SQL scope/owner/role guards with trusted actor port,390;768;1280;1440,LOCAL_PARTIAL,trueAuth/fullroles/combinedSQL/flags/native OS clipboard;source controls overlap business actions
ACT-S-0435,SOURCE_CONTROL_CANDIDATE,src/components/admin/whatsapp/WhatsappLinkWizard.tsx:1035,/admin/whatsapp-links,new batch Button,0927bd498d776f50b9430fa9a3009500545a1100,synthetic manager A/B;actual shell/store;separate actual SQL scope/owner/role guards with trusted actor port,390;768;1280;1440,LOCAL_PARTIAL,trueAuth/fullroles/combinedSQL/flags/native OS clipboard;source controls overlap business actions
ACT-S-0434,SOURCE_CONTROL_CANDIDATE,src/components/admin/whatsapp/WhatsappLinkWizard.tsx:1018,/admin/whatsapp-links,known-failed repairButton after inline edit/rejection/reload;fresh preview and confirmed retry50,0927bd498d776f50b9430fa9a3009500545a1100,synthetic manager A/B;actual shell/store;separate actual SQL scope/owner/role guards with trusted actor port,390;768;1280;1440,LOCAL_PARTIAL,trueAuth/fullroles/combinedSQL/flags/native OS clipboard;source controls overlap business actions
ACT-S-0388,SOURCE_CONTROL_CANDIDATE,src/components/admin/whatsapp/WhatsappBatchResult.tsx:63,/admin/whatsapp-links,actual copy-all Button denial/retry exact50;after original50+10 continuation exact60;pending disabled;late50 result hidden,0927bd498d776f50b9430fa9a3009500545a1100,synthetic manager A/B;actual shell/store;separate actual SQL scope/owner/role guards with trusted actor port,390;768;1280;1440,LOCAL_PARTIAL,trueAuth/fullroles/combinedSQL/flags/native OS clipboard;source controls overlap business actions
